Metadata_timepoint	Metadata_plating_density	median_ks	low_ks	high_ks
6	10000	0.7992187500000001	0.36718750000000006	0.8598958333333334
6	15000	0.7054687500000001	0.2627604166666667	0.8247395833333334
6	5000	0.619140625	0.41328125000000004	0.9192708333333334
6	20000	0.6018229166666667	0.5276041666666668	0.9906250000000001
24	2000	0.37734375000000003	0.2346354166666667	0.4833333333333334
24	4000	0.31328125000000007	0.2002604166666667	0.5320312500000001
24	3000	0.2588541666666667	0.1434895833333334	0.4729166666666667
24	1000	0.17122395833333337	0.09192708333333338	0.4825520833333334
